Bus costs,ODPT costs,Bus income,ODPT income
153506.363811471,248275.007016156,85409.99999999999,587357.9999999999
