Bus costs,ODPT costs,Bus income,ODPT income
153506.363811471,46412.584370211596,60444.0,244404.0
